"Date","Time (GMT)","Predicted (m)","Preliminary (m)","Verified (m)"
"2023/05/02","00:00","1.316","-","1.526"
"2023/05/02","00:06","1.312","-","1.519"
"2023/05/02","00:12","1.306","-","1.512"
"2023/05/02","00:18","1.298","-","1.504"
"2023/05/02","00:24","1.289","-","1.497"
"2023/05/02","00:30","1.278","-","1.488"
"2023/05/02","00:36","1.265","-","1.477"
"2023/05/02","00:42","1.25","-","1.463"
"2023/05/02","00:48","1.235","-","1.445"
"2023/05/02","00:54","1.217","-","1.427"
"2023/05/02","01:00","1.199","-","1.408"
"2023/05/02","01:06","1.179","-","1.388"
"2023/05/02","01:12","1.158","-","1.366"
"2023/05/02","01:18","1.136","-","1.341"
"2023/05/02","01:24","1.113","-","1.317"
"2023/05/02","01:30","1.089","-","1.292"
"2023/05/02","01:36","1.064","-","1.27"
"2023/05/02","01:42","1.039","-","1.246"
"2023/05/02","01:48","1.013","-","1.222"
"2023/05/02","01:54","0.987","-","1.197"
"2023/05/02","02:00","0.96","-","1.171"
"2023/05/02","02:06","0.934","-","1.147"
"2023/05/02","02:12","0.907","-","1.121"
"2023/05/02","02:18","0.88","-","1.094"
"2023/05/02","02:24","0.853","-","1.063"
"2023/05/02","02:30","0.827","-","1.031"
"2023/05/02","02:36","0.8","-","1.005"
"2023/05/02","02:42","0.774","-","0.977"
"2023/05/02","02:48","0.748","-","0.952"
"2023/05/02","02:54","0.723","-","0.924"
"2023/05/02","03:00","0.698","-","0.9"
"2023/05/02","03:06","0.673","-","0.873"
"2023/05/02","03:12","0.649","-","0.846"
"2023/05/02","03:18","0.626","-","0.821"
"2023/05/02","03:24","0.602","-","0.798"
"2023/05/02","03:30","0.58","-","0.774"
"2023/05/02","03:36","0.558","-","0.747"
"2023/05/02","03:42","0.536","-","0.722"
"2023/05/02","03:48","0.515","-","0.699"
"2023/05/02","03:54","0.494","-","0.675"
"2023/05/02","04:00","0.474","-","0.636"
"2023/05/02","04:06","0.455","-","0.615"
"2023/05/02","04:12","0.435","-","0.596"
"2023/05/02","04:18","0.417","-","0.563"
"2023/05/02","04:24","0.398","-","0.545"
"2023/05/02","04:30","0.381","-","0.508"
"2023/05/02","04:36","0.363","-","0.489"
"2023/05/02","04:42","0.346","-","0.454"
"2023/05/02","04:48","0.33","-","0.446"
"2023/05/02","04:54","0.314","-","0.419"
"2023/05/02","05:00","0.298","-","0.394"
"2023/05/02","05:06","0.284","-","0.379"
"2023/05/02","05:12","0.269","-","0.356"
"2023/05/02","05:18","0.256","-","0.321"
"2023/05/02","05:24","0.243","-","0.307"
"2023/05/02","05:30","0.232","-","0.292"
"2023/05/02","05:36","0.221","-","0.274"
"2023/05/02","05:42","0.212","-","0.252"
"2023/05/02","05:48","0.203","-","0.237"
"2023/05/02","05:54","0.197","-","0.218"
"2023/05/02","06:00","0.192","-","0.206"
"2023/05/02","06:06","0.188","-","0.193"
"2023/05/02","06:12","0.186","-","0.185"
"2023/05/02","06:18","0.187","-","0.179"
"2023/05/02","06:24","0.189","-","0.178"
"2023/05/02","06:30","0.193","-","0.178"
"2023/05/02","06:36","0.2","-","0.185"
"2023/05/02","06:42","0.209","-","0.197"
"2023/05/02","06:48","0.221","-","0.211"
"2023/05/02","06:54","0.234","-","0.229"
"2023/05/02","07:00","0.25","-","0.259"
"2023/05/02","07:06","0.269","-","0.288"
"2023/05/02","07:12","0.289","-","0.317"
"2023/05/02","07:18","0.312","-","0.347"
"2023/05/02","07:24","0.336","-","0.383"
"2023/05/02","07:30","0.363","-","0.42"
"2023/05/02","07:36","0.391","-","0.461"
"2023/05/02","07:42","0.421","-","0.503"
"2023/05/02","07:48","0.452","-","0.545"
"2023/05/02","07:54","0.484","-","0.588"
"2023/05/02","08:00","0.517","-","0.632"
"2023/05/02","08:06","0.551","-","0.677"
"2023/05/02","08:12","0.585","-","0.721"
"2023/05/02","08:18","0.619","-","0.764"
"2023/05/02","08:24","0.653","-","0.808"
"2023/05/02","08:30","0.686","-","0.851"
"2023/05/02","08:36","0.72","-","0.891"
"2023/05/02","08:42","0.752","-","0.93"
"2023/05/02","08:48","0.784","-","0.967"
"2023/05/02","08:54","0.814","-","1.002"
"2023/05/02","09:00","0.844","-","1.037"
"2023/05/02","09:06","0.872","-","1.069"
"2023/05/02","09:12","0.899","-","1.096"
"2023/05/02","09:18","0.925","-","1.122"
"2023/05/02","09:24","0.949","-","1.144"
"2023/05/02","09:30","0.973","-","1.167"
"2023/05/02","09:36","0.994","-","1.189"
"2023/05/02","09:42","1.015","-","1.21"
"2023/05/02","09:48","1.034","-","1.23"
"2023/05/02","09:54","1.053","-","1.248"
"2023/05/02","10:00","1.07","-","1.264"
"2023/05/02","10:06","1.086","-","1.279"
"2023/05/02","10:12","1.102","-","1.291"
"2023/05/02","10:18","1.116","-","1.302"
"2023/05/02","10:24","1.13","-","1.314"
"2023/05/02","10:30","1.143","-","1.326"
"2023/05/02","10:36","1.155","-","1.338"
"2023/05/02","10:42","1.167","-","1.347"
"2023/05/02","10:48","1.178","-","1.357"
"2023/05/02","10:54","1.189","-","1.364"
"2023/05/02","11:00","1.199","-","1.374"
"2023/05/02","11:06","1.208","-","1.381"
"2023/05/02","11:12","1.217","-","1.387"
"2023/05/02","11:18","1.225","-","1.392"
"2023/05/02","11:24","1.232","-","1.397"
"2023/05/02","11:30","1.238","-","1.402"
"2023/05/02","11:36","1.243","-","1.405"
"2023/05/02","11:42","1.247","-","1.406"
"2023/05/02","11:48","1.25","-","1.406"
"2023/05/02","11:54","1.252","-","1.407"
"2023/05/02","12:00","1.253","-","1.407"
"2023/05/02","12:06","1.252","-","1.405"
"2023/05/02","12:12","1.25","-","1.403"
"2023/05/02","12:18","1.246","-","1.401"
"2023/05/02","12:24","1.241","-","1.398"
"2023/05/02","12:30","1.234","-","1.393"
"2023/05/02","12:36","1.226","-","1.387"
"2023/05/02","12:42","1.216","-","1.378"
"2023/05/02","12:48","1.205","-","1.367"
"2023/05/02","12:54","1.192","-","1.355"
"2023/05/02","13:00","1.177","-","1.341"
"2023/05/02","13:06","1.161","-","1.324"
"2023/05/02","13:12","1.144","-","1.306"
"2023/05/02","13:18","1.126","-","1.288"
"2023/05/02","13:24","1.106","-","1.269"
"2023/05/02","13:30","1.085","-","1.25"
"2023/05/02","13:36","1.063","-","1.23"
"2023/05/02","13:42","1.04","-","1.21"
"2023/05/02","13:48","1.017","-","1.187"
"2023/05/02","13:54","0.993","-","1.164"
"2023/05/02","14:00","0.968","-","1.139"
"2023/05/02","14:06","0.942","-","1.114"
"2023/05/02","14:12","0.917","-","1.087"
"2023/05/02","14:18","0.891","-","1.061"
"2023/05/02","14:24","0.864","-","1.033"
"2023/05/02","14:30","0.838","-","1.008"
"2023/05/02","14:36","0.812","-","0.984"
"2023/05/02","14:42","0.786","-","0.953"
"2023/05/02","14:48","0.759","-","0.925"
"2023/05/02","14:54","0.733","-","0.937"
"2023/05/02","15:00","0.708","-","0.851"
"2023/05/02","15:06","0.682","-","0.831"
"2023/05/02","15:12","0.657","-","0.798"
"2023/05/02","15:18","0.633","-","0.787"
"2023/05/02","15:24","0.609","-","0.754"
"2023/05/02","15:30","0.585","-","0.748"
"2023/05/02","15:36","0.562","-","0.718"
"2023/05/02","15:42","0.539","-","0.689"
"2023/05/02","15:48","0.517","-","0.67"
"2023/05/02","15:54","0.496","-","0.651"
"2023/05/02","16:00","0.475","-","0.627"
"2023/05/02","16:06","0.454","-","0.603"
"2023/05/02","16:12","0.434","-","0.58"
"2023/05/02","16:18","0.415","-","0.558"
"2023/05/02","16:24","0.396","-","0.54"
"2023/05/02","16:30","0.377","-","0.515"
"2023/05/02","16:36","0.359","-","0.497"
"2023/05/02","16:42","0.342","-","0.478"
"2023/05/02","16:48","0.325","-","0.458"
"2023/05/02","16:54","0.308","-","0.429"
"2023/05/02","17:00","0.292","-","0.413"
"2023/05/02","17:06","0.276","-","0.391"
"2023/05/02","17:12","0.261","-","0.376"
"2023/05/02","17:18","0.246","-","0.357"
"2023/05/02","17:24","0.231","-","0.343"
"2023/05/02","17:30","0.218","-","0.327"
"2023/05/02","17:36","0.205","-","0.311"
"2023/05/02","17:42","0.193","-","0.298"
"2023/05/02","17:48","0.181","-","0.286"
"2023/05/02","17:54","0.171","-","0.275"
"2023/05/02","18:00","0.161","-","0.271"
"2023/05/02","18:06","0.153","-","0.262"
"2023/05/02","18:12","0.146","-","0.253"
"2023/05/02","18:18","0.141","-","0.243"
"2023/05/02","18:24","0.137","-","0.238"
"2023/05/02","18:30","0.135","-","0.228"
"2023/05/02","18:36","0.134","-","0.235"
"2023/05/02","18:42","0.136","-","0.239"
"2023/05/02","18:48","0.14","-","0.25"
"2023/05/02","18:54","0.146","-","0.259"
"2023/05/02","19:00","0.154","-","0.272"
"2023/05/02","19:06","0.165","-","0.289"
"2023/05/02","19:12","0.178","-","0.306"
"2023/05/02","19:18","0.193","-","0.327"
"2023/05/02","19:24","0.211","-","0.356"
"2023/05/02","19:30","0.232","-","0.389"
"2023/05/02","19:36","0.254","-","0.438"
"2023/05/02","19:42","0.279","-","0.477"
"2023/05/02","19:48","0.306","-","0.523"
"2023/05/02","19:54","0.335","-","0.567"
"2023/05/02","20:00","0.366","-","0.607"
"2023/05/02","20:06","0.399","-","0.651"
"2023/05/02","20:12","0.432","-","0.688"
"2023/05/02","20:18","0.468","-","0.742"
"2023/05/02","20:24","0.504","-","0.778"
"2023/05/02","20:30","0.54","-","0.833"
"2023/05/02","20:36","0.578","-","0.871"
"2023/05/02","20:42","0.615","-","0.914"
"2023/05/02","20:48","0.653","-","0.948"
"2023/05/02","20:54","0.69","-","0.987"
"2023/05/02","21:00","0.727","-","1.023"
"2023/05/02","21:06","0.764","-","1.054"
"2023/05/02","21:12","0.799","-","1.087"
"2023/05/02","21:18","0.834","-","1.119"
"2023/05/02","21:24","0.867","-","1.148"
"2023/05/02","21:30","0.9","-","1.176"
"2023/05/02","21:36","0.931","-","1.2"
"2023/05/02","21:42","0.961","-","1.224"
"2023/05/02","21:48","0.99","-","1.247"
"2023/05/02","21:54","1.017","-","1.271"
"2023/05/02","22:00","1.043","-","1.297"
"2023/05/02","22:06","1.068","-","1.316"
"2023/05/02","22:12","1.091","-","1.334"
"2023/05/02","22:18","1.113","-","1.351"
"2023/05/02","22:24","1.135","-","1.369"
"2023/05/02","22:30","1.155","-","1.386"
"2023/05/02","22:36","1.174","-","1.402"
"2023/05/02","22:42","1.192","-","1.416"
"2023/05/02","22:48","1.21","-","1.432"
"2023/05/02","22:54","1.227","-","1.448"
"2023/05/02","23:00","1.243","-","1.46"
"2023/05/02","23:06","1.258","-","1.473"
"2023/05/02","23:12","1.273","-","1.483"
"2023/05/02","23:18","1.286","-","1.502"
"2023/05/02","23:24","1.3","-","1.5"
"2023/05/02","23:30","1.312","-","1.529"
"2023/05/02","23:36","1.324","-","1.526"
"2023/05/02","23:42","1.335","-","1.538"
"2023/05/02","23:48","1.345","-","1.548"
"2023/05/02","23:54","1.354","-","1.552"
"2023/05/03","00:00","1.362","-","1.562"
"2023/05/03","00:06","1.369","-","1.562"
"2023/05/03","00:12","1.375","-","1.569"
"2023/05/03","00:18","1.379","-","1.576"
"2023/05/03","00:24","1.382","-","1.576"
"2023/05/03","00:30","1.384","-","1.58"
"2023/05/03","00:36","1.384","-","1.58"
"2023/05/03","00:42","1.382","-","1.58"
"2023/05/03","00:48","1.379","-","1.579"
"2023/05/03","00:54","1.374","-","1.571"
"2023/05/03","01:00","1.367","-","1.569"
"2023/05/03","01:06","1.359","-","1.56"
"2023/05/03","01:12","1.349","-","1.549"
"2023/05/03","01:18","1.338","-","1.535"
"2023/05/03","01:24","1.324","-","1.518"
"2023/05/03","01:30","1.31","-","1.504"
"2023/05/03","01:36","1.293","-","1.491"
"2023/05/03","01:42","1.275","-","1.469"
"2023/05/03","01:48","1.256","-","1.444"
"2023/05/03","01:54","1.236","-","1.416"
"2023/05/03","02:00","1.214","-","1.386"
"2023/05/03","02:06","1.191","-","1.365"
"2023/05/03","02:12","1.168","-","1.341"
"2023/05/03","02:18","1.143","-","1.312"
"2023/05/03","02:24","1.118","-","1.285"
"2023/05/03","02:30","1.092","-","1.257"
"2023/05/03","02:36","1.065","-","1.229"
"2023/05/03","02:42","1.038","-","1.197"
"2023/05/03","02:48","1.01","-","1.17"
"2023/05/03","02:54","0.983","-","1.138"
"2023/05/03","03:00","0.955","-","1.104"
"2023/05/03","03:06","0.927","-","1.071"
"2023/05/03","03:12","0.899","-","1.041"
"2023/05/03","03:18","0.871","-","1.011"
"2023/05/03","03:24","0.843","-","0.984"
"2023/05/03","03:30","0.815","-","0.958"
"2023/05/03","03:36","0.788","-","0.932"
"2023/05/03","03:42","0.761","-","0.907"
"2023/05/03","03:48","0.734","-","0.875"
"2023/05/03","03:54","0.708","-","0.848"
"2023/05/03","04:00","0.681","-","0.816"
"2023/05/03","04:06","0.656","-","0.783"
"2023/05/03","04:12","0.63","-","0.754"
"2023/05/03","04:18","0.606","-","0.726"
"2023/05/03","04:24","0.581","-","0.69"
"2023/05/03","04:30","0.557","-","0.658"
"2023/05/03","04:36","0.534","-","0.63"
"2023/05/03","04:42","0.511","-","0.603"
"2023/05/03","04:48","0.488","-","0.569"
"2023/05/03","04:54","0.466","-","0.537"
"2023/05/03","05:00","0.444","-","0.506"
"2023/05/03","05:06","0.423","-","0.478"
"2023/05/03","05:12","0.402","-","0.454"
"2023/05/03","05:18","0.382","-","0.428"
"2023/05/03","05:24","0.362","-","0.404"
"2023/05/03","05:30","0.343","-","0.38"
"2023/05/03","05:36","0.324","-","0.358"
"2023/05/03","05:42","0.305","-","0.335"
"2023/05/03","05:48","0.288","-","0.312"
"2023/05/03","05:54","0.27","-","0.29"
"2023/05/03","06:00","0.254","-","0.268"
"2023/05/03","06:06","0.238","-","0.249"
"2023/05/03","06:12","0.224","-","0.231"
"2023/05/03","06:18","0.21","-","0.214"
"2023/05/03","06:24","0.197","-","0.199"
"2023/05/03","06:30","0.186","-","0.184"
"2023/05/03","06:36","0.176","-","0.172"
"2023/05/03","06:42","0.167","-","0.162"
"2023/05/03","06:48","0.16","-","0.156"
"2023/05/03","06:54","0.155","-","0.15"
"2023/05/03","07:00","0.152","-","0.146"
"2023/05/03","07:06","0.151","-","0.146"
"2023/05/03","07:12","0.153","-","0.149"
"2023/05/03","07:18","0.156","-","0.155"
"2023/05/03","07:24","0.162","-","0.166"
"2023/05/03","07:30","0.17","-","0.183"
"2023/05/03","07:36","0.181","-","0.208"
"2023/05/03","07:42","0.194","-","0.242"
"2023/05/03","07:48","0.21","-","0.284"
"2023/05/03","07:54","0.228","-","0.331"
"2023/05/03","08:00","0.249","-","0.379"
"2023/05/03","08:06","0.272","-","0.429"
"2023/05/03","08:12","0.297","-","0.478"
"2023/05/03","08:18","0.325","-","0.528"
"2023/05/03","08:24","0.354","-","0.578"
"2023/05/03","08:30","0.385","-","0.629"
"2023/05/03","08:36","0.417","-","0.678"
"2023/05/03","08:42","0.451","-","0.729"
"2023/05/03","08:48","0.486","-","0.778"
"2023/05/03","08:54","0.521","-","0.829"
"2023/05/03","09:00","0.557","-","0.878"
"2023/05/03","09:06","0.593","-","0.925"
"2023/05/03","09:12","0.63","-","0.972"
"2023/05/03","09:18","0.666","-","1.015"
"2023/05/03","09:24","0.701","-","1.059"
"2023/05/03","09:30","0.736","-","1.109"
"2023/05/03","09:36","0.77","-","1.127"
"2023/05/03","09:42","0.803","-","1.115"
"2023/05/03","09:48","0.835","-","1.199"
"2023/05/03","09:54","0.866","-","1.206"
"2023/05/03","10:00","0.896","-","1.264"
"2023/05/03","10:06","0.924","-","1.264"
"2023/05/03","10:12","0.95","-","1.29"
"2023/05/03","10:18","0.976","-","1.293"
"2023/05/03","10:24","0.999","-","1.312"
"2023/05/03","10:30","1.022","-","1.333"
"2023/05/03","10:36","1.043","-","1.34"
"2023/05/03","10:42","1.063","-","1.361"
"2023/05/03","10:48","1.081","-","1.366"
"2023/05/03","10:54","1.099","-","1.392"
"2023/05/03","11:00","1.115","-","1.398"
"2023/05/03","11:06","1.13","-","1.408"
"2023/05/03","11:12","1.144","-","1.415"
"2023/05/03","11:18","1.158","-","1.424"
"2023/05/03","11:24","1.17","-","1.433"
"2023/05/03","11:30","1.182","-","1.442"
"2023/05/03","11:36","1.193","-","1.443"
"2023/05/03","11:42","1.204","-","1.448"
"2023/05/03","11:48","1.213","-","1.448"
"2023/05/03","11:54","1.222","-","1.452"
"2023/05/03","12:00","1.23","-","1.453"
"2023/05/03","12:06","1.237","-","1.455"
"2023/05/03","12:12","1.244","-","1.456"
"2023/05/03","12:18","1.249","-","1.451"
"2023/05/03","12:24","1.254","-","1.45"
"2023/05/03","12:30","1.257","-","1.445"
"2023/05/03","12:36","1.259","-","1.443"
"2023/05/03","12:42","1.26","-","1.439"
"2023/05/03","12:48","1.26","-","1.43"
"2023/05/03","12:54","1.258","-","1.426"
"2023/05/03","13:00","1.255","-","1.419"
"2023/05/03","13:06","1.25","-","1.409"
"2023/05/03","13:12","1.244","-","1.4"
"2023/05/03","13:18","1.236","-","1.383"
"2023/05/03","13:24","1.227","-","1.378"
"2023/05/03","13:30","1.216","-","1.355"
"2023/05/03","13:36","1.204","-","1.348"
"2023/05/03","13:42","1.19","-","1.324"
"2023/05/03","13:48","1.175","-","1.309"
"2023/05/03","13:54","1.158","-","1.29"
"2023/05/03","14:00","1.14","-","1.269"
"2023/05/03","14:06","1.12","-","1.248"
"2023/05/03","14:12","1.1","-","1.222"
"2023/05/03","14:18","1.078","-","1.203"
"2023/05/03","14:24","1.055","-","1.184"
"2023/05/03","14:30","1.032","-","1.158"
"2023/05/03","14:36","1.007","-","1.138"
"2023/05/03","14:42","0.982","-","1.111"
"2023/05/03","14:48","0.957","-","1.089"
"2023/05/03","14:54","0.93","-","1.067"
"2023/05/03","15:00","0.904","-","1.037"
"2023/05/03","15:06","0.877","-","1.012"
"2023/05/03","15:12","0.85","-","0.989"
"2023/05/03","15:18","0.823","-","0.965"
"2023/05/03","15:24","0.795","-","0.956"
"2023/05/03","15:30","0.768","-","0.907"
"2023/05/03","15:36","0.741","-","0.864"
"2023/05/03","15:42","0.714","-","0.847"
"2023/05/03","15:48","0.688","-","0.821"
"2023/05/03","15:54","0.662","-","0.802"
"2023/05/03","16:00","0.636","-","0.792"
"2023/05/03","16:06","0.61","-","0.759"
"2023/05/03","16:12","0.586","-","0.737"
"2023/05/03","16:18","0.561","-","0.71"
"2023/05/03","16:24","0.537","-","0.695"
"2023/05/03","16:30","0.514","-","0.664"
"2023/05/03","16:36","0.491","-","0.645"
"2023/05/03","16:42","0.469","-","0.616"
"2023/05/03","16:48","0.447","-","0.595"
"2023/05/03","16:54","0.426","-","0.577"
"2023/05/03","17:00","0.405","-","0.555"
"2023/05/03","17:06","0.385","-","0.53"
"2023/05/03","17:12","0.366","-","0.508"
"2023/05/03","17:18","0.347","-","0.488"
"2023/05/03","17:24","0.329","-","0.461"
"2023/05/03","17:30","0.311","-","0.441"
"2023/05/03","17:36","0.293","-","0.422"
"2023/05/03","17:42","0.277","-","0.399"
"2023/05/03","17:48","0.26","-","0.376"
"2023/05/03","17:54","0.245","-","0.355"
"2023/05/03","18:00","0.23","-","0.338"
"2023/05/03","18:06","0.215","-","0.309"
"2023/05/03","18:12","0.201","-","0.297"
"2023/05/03","18:18","0.188","-","0.269"
"2023/05/03","18:24","0.176","-","0.258"
"2023/05/03","18:30","0.164","-","0.237"
"2023/05/03","18:36","0.154","-","0.222"
"2023/05/03","18:42","0.144","-","0.21"
"2023/05/03","18:48","0.136","-","0.2"
"2023/05/03","18:54","0.129","-","0.193"
"2023/05/03","19:00","0.123","-","0.182"
"2023/05/03","19:06","0.119","-","0.176"
"2023/05/03","19:12","0.117","-","0.167"
"2023/05/03","19:18","0.116","-","0.172"
"2023/05/03","19:24","0.118","-","0.17"
"2023/05/03","19:30","0.121","-","0.17"
"2023/05/03","19:36","0.127","-","0.177"
"2023/05/03","19:42","0.135","-","0.192"
"2023/05/03","19:48","0.145","-","0.211"
"2023/05/03","19:54","0.158","-","0.244"
"2023/05/03","20:00","0.174","-","0.273"
"2023/05/03","20:06","0.192","-","0.312"
"2023/05/03","20:12","0.212","-","0.352"
"2023/05/03","20:18","0.235","-","0.385"
"2023/05/03","20:24","0.26","-","0.402"
"2023/05/03","20:30","0.288","-","0.459"
"2023/05/03","20:36","0.318","-","0.504"
"2023/05/03","20:42","0.35","-","0.566"
"2023/05/03","20:48","0.384","-","0.62"
"2023/05/03","20:54","0.42","-","0.676"
"2023/05/03","21:00","0.457","-","0.711"
"2023/05/03","21:06","0.496","-","0.772"
"2023/05/03","21:12","0.535","-","0.821"
"2023/05/03","21:18","0.576","-","0.873"
"2023/05/03","21:24","0.617","-","0.912"
"2023/05/03","21:30","0.658","-","0.96"
"2023/05/03","21:36","0.699","-","1.004"
"2023/05/03","21:42","0.74","-","1.049"
"2023/05/03","21:48","0.78","-","1.091"
"2023/05/03","21:54","0.82","-","1.13"
"2023/05/03","22:00","0.859","-","1.163"
"2023/05/03","22:06","0.896","-","1.193"
"2023/05/03","22:12","0.933","-","1.222"
"2023/05/03","22:18","0.968","-","1.245"
"2023/05/03","22:24","1.002","-","1.265"
"2023/05/03","22:30","1.034","-","1.29"
"2023/05/03","22:36","1.065","-","1.307"
"2023/05/03","22:42","1.094","-","1.337"
"2023/05/03","22:48","1.122","-","1.354"
"2023/05/03","22:54","1.148","-","1.366"
"2023/05/03","23:00","1.173","-","1.382"
"2023/05/03","23:06","1.196","-","1.41"
"2023/05/03","23:12","1.218","-","1.407"
"2023/05/03","23:18","1.239","-","1.445"
"2023/05/03","23:24","1.258","-","1.422"
"2023/05/03","23:30","1.277","-","1.471"
"2023/05/03","23:36","1.294","-","1.47"
"2023/05/03","23:42","1.31","-","1.485"
"2023/05/03","23:48","1.326","-","1.503"
"2023/05/03","23:54","1.34","-","1.505"
"2023/05/04","00:00","1.354","-","1.528"
"2023/05/04","00:06","1.366","-","1.524"
"2023/05/04","00:12","1.378","-","1.539"
"2023/05/04","00:18","1.389","-","1.555"
"2023/05/04","00:24","1.399","-","1.556"
"2023/05/04","00:30","1.409","-","1.57"
"2023/05/04","00:36","1.417","-","1.577"
"2023/05/04","00:42","1.424","-","1.582"
"2023/05/04","00:48","1.43","-","1.587"
"2023/05/04","00:54","1.436","-","1.587"
"2023/05/04","01:00","1.439","-","1.59"
"2023/05/04","01:06","1.442","-","1.59"
"2023/05/04","01:12","1.443","-","1.587"
"2023/05/04","01:18","1.443","-","1.579"
"2023/05/04","01:24","1.441","-","1.568"
"2023/05/04","01:30","1.438","-","1.56"
"2023/05/04","01:36","1.433","-","1.562"
"2023/05/04","01:42","1.427","-","1.553"
"2023/05/04","01:48","1.419","-","1.537"
"2023/05/04","01:54","1.409","-","1.515"
"2023/05/04","02:00","1.398","-","1.494"
"2023/05/04","02:06","1.385","-","1.483"
"2023/05/04","02:12","1.371","-","1.471"
"2023/05/04","02:18","1.355","-","1.454"
"2023/05/04","02:24","1.337","-","1.43"
"2023/05/04","02:30","1.318","-","1.404"
"2023/05/04","02:36","1.298","-","1.38"
"2023/05/04","02:42","1.277","-","1.358"
"2023/05/04","02:48","1.254","-","1.335"
"2023/05/04","02:54","1.231","-","1.311"
"2023/05/04","03:00","1.206","-","1.284"
"2023/05/04","03:06","1.181","-","1.255"
"2023/05/04","03:12","1.154","-","1.226"
"2023/05/04","03:18","1.128","-","1.199"
"2023/05/04","03:24","1.1","-","1.171"
"2023/05/04","03:30","1.072","-","1.139"
"2023/05/04","03:36","1.044","-","1.103"
"2023/05/04","03:42","1.015","-","1.074"
"2023/05/04","03:48","0.987","-","1.045"
"2023/05/04","03:54","0.958","-","1.016"
"2023/05/04","04:00","0.929","-","0.988"
"2023/05/04","04:06","0.9","-","0.961"
"2023/05/04","04:12","0.871","-","0.936"
"2023/05/04","04:18","0.842","-","0.905"
"2023/05/04","04:24","0.813","-","0.871"
"2023/05/04","04:30","0.785","-","0.84"
"2023/05/04","04:36","0.757","-","0.809"
"2023/05/04","04:42","0.729","-","0.777"
"2023/05/04","04:48","0.701","-","0.747"
"2023/05/04","04:54","0.674","-","0.721"
"2023/05/04","05:00","0.647","-","0.694"
"2023/05/04","05:06","0.621","-","0.665"
"2023/05/04","05:12","0.595","-","0.632"
"2023/05/04","05:18","0.569","-","0.602"
"2023/05/04","05:24","0.544","-","0.575"
"2023/05/04","05:30","0.519","-","0.55"
"2023/05/04","05:36","0.495","-","0.523"
"2023/05/04","05:42","0.471","-","0.497"
"2023/05/04","05:48","0.447","-","0.473"
"2023/05/04","05:54","0.424","-","0.448"
"2023/05/04","06:00","0.401","-","0.422"
"2023/05/04","06:06","0.379","-","0.4"
"2023/05/04","06:12","0.357","-","0.379"
"2023/05/04","06:18","0.336","-","0.358"
"2023/05/04","06:24","0.315","-","0.329"
"2023/05/04","06:30","0.294","-","0.305"
"2023/05/04","06:36","0.275","-","0.291"
"2023/05/04","06:42","0.256","-","0.269"
"2023/05/04","06:48","0.238","-","0.249"
"2023/05/04","06:54","0.22","-","0.222"
"2023/05/04","07:00","0.204","-","0.205"
"2023/05/04","07:06","0.189","-","0.193"
"2023/05/04","07:12","0.174","-","0.176"
"2023/05/04","07:18","0.162","-","0.158"
"2023/05/04","07:24","0.15","-","0.146"
"2023/05/04","07:30","0.141","-","0.136"
"2023/05/04","07:36","0.133","-","0.127"
"2023/05/04","07:42","0.126","-","0.126"
"2023/05/04","07:48","0.122","-","0.126"
"2023/05/04","07:54","0.121","-","0.125"
"2023/05/04","08:00","0.121","-","0.138"
"2023/05/04","08:06","0.124","-","0.145"
"2023/05/04","08:12","0.13","-","0.167"
"2023/05/04","08:18","0.138","-","0.189"
"2023/05/04","08:24","0.148","-","0.216"
"2023/05/04","08:30","0.162","-","0.248"
"2023/05/04","08:36","0.178","-","0.283"
"2023/05/04","08:42","0.197","-","0.315"
"2023/05/04","08:48","0.218","-","0.361"
"2023/05/04","08:54","0.242","-","0.397"
"2023/05/04","09:00","0.268","-","0.444"
"2023/05/04","09:06","0.296","-","0.484"
"2023/05/04","09:12","0.327","-","0.535"
"2023/05/04","09:18","0.359","-","0.581"
"2023/05/04","09:24","0.393","-","0.628"
"2023/05/04","09:30","0.429","-","0.668"
"2023/05/04","09:36","0.465","-","0.713"
"2023/05/04","09:42","0.503","-","0.759"
"2023/05/04","09:48","0.541","-","0.809"
"2023/05/04","09:54","0.58","-","0.854"
"2023/05/04","10:00","0.618","-","0.895"
"2023/05/04","10:06","0.657","-","0.937"
"2023/05/04","10:12","0.695","-","0.975"
"2023/05/04","10:18","0.732","-","1.013"
"2023/05/04","10:24","0.769","-","1.05"
"2023/05/04","10:30","0.805","-","1.09"
"2023/05/04","10:36","0.839","-","1.126"
"2023/05/04","10:42","0.872","-","1.167"
"2023/05/04","10:48","0.904","-","1.212"
"2023/05/04","10:54","0.934","-","1.191"
"2023/05/04","11:00","0.962","-","1.236"
"2023/05/04","11:06","0.989","-","1.247"
"2023/05/04","11:12","1.015","-","1.299"
"2023/05/04","11:18","1.039","-","1.302"
"2023/05/04","11:24","1.061","-","1.341"
"2023/05/04","11:30","1.081","-","1.336"
"2023/05/04","11:36","1.101","-","1.358"
"2023/05/04","11:42","1.119","-","1.37"
"2023/05/04","11:48","1.135","-","1.388"
"2023/05/04","11:54","1.151","-","1.402"
"2023/05/04","12:00","1.165","-","1.41"
"2023/05/04","12:06","1.178","-","1.426"
"2023/05/04","12:12","1.19","-","1.434"
"2023/05/04","12:18","1.201","-","1.446"
"2023/05/04","12:24","1.211","-","1.452"
"2023/05/04","12:30","1.221","-","1.459"
"2023/05/04","12:36","1.229","-","1.464"
"2023/05/04","12:42","1.237","-","1.47"
"2023/05/04","12:48","1.243","-","1.474"
"2023/05/04","12:54","1.249","-","1.475"
"2023/05/04","13:00","1.254","-","1.477"
"2023/05/04","13:06","1.258","-","1.482"
"2023/05/04","13:12","1.261","-","1.49"
"2023/05/04","13:18","1.262","-","1.458"
"2023/05/04","13:24","1.263","-","1.469"
"2023/05/04","13:30","1.262","-","1.462"
"2023/05/04","13:36","1.26","-","1.462"
"2023/05/04","13:42","1.257","-","1.465"
"2023/05/04","13:48","1.252","-","1.45"
"2023/05/04","13:54","1.246","-","1.441"
"2023/05/04","14:00","1.238","-","1.428"
"2023/05/04","14:06","1.229","-","1.419"
"2023/05/04","14:12","1.218","-","1.403"
"2023/05/04","14:18","1.206","-","1.388"
"2023/05/04","14:24","1.192","-","1.368"
"2023/05/04","14:30","1.177","-","1.352"
"2023/05/04","14:36","1.161","-","1.33"
"2023/05/04","14:42","1.143","-","1.306"
"2023/05/04","14:48","1.124","-","1.287"
"2023/05/04","14:54","1.104","-","1.26"
"2023/05/04","15:00","1.082","-","1.242"
"2023/05/04","15:06","1.059","-","1.215"
"2023/05/04","15:12","1.036","-","1.191"
"2023/05/04","15:18","1.012","-","1.162"
"2023/05/04","15:24","0.986","-","1.138"
"2023/05/04","15:30","0.961","-","1.108"
"2023/05/04","15:36","0.934","-","1.084"
"2023/05/04","15:42","0.907","-","1.055"
"2023/05/04","15:48","0.88","-","1.021"
"2023/05/04","15:54","0.853","-","0.988"
"2023/05/04","16:00","0.825","-","0.958"
"2023/05/04","16:06","0.798","-","0.929"
"2023/05/04","16:12","0.77","-","0.899"
"2023/05/04","16:18","0.743","-","0.875"
"2023/05/04","16:24","0.715","-","0.848"
"2023/05/04","16:30","0.688","-","0.824"
"2023/05/04","16:36","0.661","-","0.793"
"2023/05/04","16:42","0.635","-","0.765"
"2023/05/04","16:48","0.608","-","0.735"
"2023/05/04","16:54","0.583","-","0.708"
"2023/05/04","17:00","0.557","-","0.679"
"2023/05/04","17:06","0.533","-","0.651"
"2023/05/04","17:12","0.509","-","0.622"
"2023/05/04","17:18","0.485","-","0.587"
"2023/05/04","17:24","0.462","-","0.559"
"2023/05/04","17:30","0.439","-","0.539"
"2023/05/04","17:36","0.418","-","0.512"
"2023/05/04","17:42","0.396","-","0.488"
"2023/05/04","17:48","0.376","-","0.46"
"2023/05/04","17:54","0.356","-","0.438"
"2023/05/04","18:00","0.336","-","0.416"
"2023/05/04","18:06","0.317","-","0.396"
"2023/05/04","18:12","0.299","-","0.37"
"2023/05/04","18:18","0.281","-","0.345"
"2023/05/04","18:24","0.264","-","0.32"
"2023/05/04","18:30","0.248","-","0.305"
"2023/05/04","18:36","0.232","-","0.28"
"2023/05/04","18:42","0.217","-","0.259"
"2023/05/04","18:48","0.202","-","0.235"
"2023/05/04","18:54","0.189","-","0.222"
"2023/05/04","19:00","0.176","-","0.209"
"2023/05/04","19:06","0.163","-","0.195"
"2023/05/04","19:12","0.152","-","0.186"
"2023/05/04","19:18","0.141","-","0.163"
"2023/05/04","19:24","0.132","-","0.155"
"2023/05/04","19:30","0.124","-","0.146"
"2023/05/04","19:36","0.117","-","0.15"
"2023/05/04","19:42","0.111","-","0.151"
"2023/05/04","19:48","0.107","-","0.143"
"2023/05/04","19:54","0.105","-","0.151"
"2023/05/04","20:00","0.104","-","0.165"
"2023/05/04","20:06","0.106","-","0.167"
"2023/05/04","20:12","0.109","-","0.169"
"2023/05/04","20:18","0.115","-","0.184"
"2023/05/04","20:24","0.122","-","0.213"
"2023/05/04","20:30","0.133","-","0.219"
"2023/05/04","20:36","0.146","-","0.259"
"2023/05/04","20:42","0.161","-","0.284"
"2023/05/04","20:48","0.179","-","0.321"
"2023/05/04","20:54","0.2","-","0.366"
"2023/05/04","21:00","0.223","-","0.411"
"2023/05/04","21:06","0.249","-","0.453"
"2023/05/04","21:12","0.277","-","0.509"
"2023/05/04","21:18","0.308","-","0.542"
"2023/05/04","21:24","0.341","-","0.612"
"2023/05/04","21:30","0.377","-","0.67"
"2023/05/04","21:36","0.414","-","0.742"
"2023/05/04","21:42","0.453","-","0.786"
"2023/05/04","21:48","0.494","-","0.851"
"2023/05/04","21:54","0.536","-","0.899"
"2023/05/04","22:00","0.579","-","0.952"
"2023/05/04","22:06","0.622","-","1.001"
"2023/05/04","22:12","0.667","-","1.05"
"2023/05/04","22:18","0.711","-","1.092"
"2023/05/04","22:24","0.756","-","1.128"
"2023/05/04","22:30","0.8","-","1.172"
"2023/05/04","22:36","0.843","-","1.201"
"2023/05/04","22:42","0.886","-","1.244"
"2023/05/04","22:48","0.928","-","1.275"
"2023/05/04","22:54","0.968","-","1.306"
"2023/05/04","23:00","1.008","-","1.337"
"2023/05/04","23:06","1.045","-","1.36"
"2023/05/04","23:12","1.081","-","1.381"
"2023/05/04","23:18","1.116","-","1.41"
"2023/05/04","23:24","1.148","-","1.422"
"2023/05/04","23:30","1.179","-","1.449"
"2023/05/04","23:36","1.208","-","1.468"
"2023/05/04","23:42","1.235","-","1.488"
"2023/05/04","23:48","1.26","-","1.51"
"2023/05/04","23:54","1.284","-","1.525"
"2023/05/05","00:00","1.306","-","1.544"
"2023/05/05","00:06","1.326","-","1.567"
"2023/05/05","00:12","1.345","-","1.579"
"2023/05/05","00:18","1.363","-","1.597"
"2023/05/05","00:24","1.379","-","1.611"
"2023/05/05","00:30","1.394","-","1.627"
"2023/05/05","00:36","1.407","-","1.636"
"2023/05/05","00:42","1.42","-","1.65"
"2023/05/05","00:48","1.432","-","1.659"
"2023/05/05","00:54","1.442","-","1.67"
"2023/05/05","01:00","1.452","-","1.678"
"2023/05/05","01:06","1.46","-","1.687"
"2023/05/05","01:12","1.468","-","1.694"
"2023/05/05","01:18","1.475","-","1.701"
"2023/05/05","01:24","1.481","-","1.705"
"2023/05/05","01:30","1.485","-","1.708"
"2023/05/05","01:36","1.489","-","1.709"
"2023/05/05","01:42","1.491","-","1.71"
"2023/05/05","01:48","1.493","-","1.71"
"2023/05/05","01:54","1.493","-","1.71"
"2023/05/05","02:00","1.491","-","1.708"
"2023/05/05","02:06","1.489","-","1.705"
"2023/05/05","02:12","1.485","-","1.699"
"2023/05/05","02:18","1.479","-","1.692"
"2023/05/05","02:24","1.473","-","1.682"
"2023/05/05","02:30","1.464","-","1.67"
"2023/05/05","02:36","1.454","-","1.654"
"2023/05/05","02:42","1.443","-","1.639"
"2023/05/05","02:48","1.43","-","1.621"
"2023/05/05","02:54","1.415","-","1.602"
"2023/05/05","03:00","1.4","-","1.582"
"2023/05/05","03:06","1.382","-","1.56"
"2023/05/05","03:12","1.364","-","1.536"
"2023/05/05","03:18","1.344","-","1.511"
"2023/05/05","03:24","1.322","-","1.49"
"2023/05/05","03:30","1.3","-","1.483"
"2023/05/05","03:36","1.277","-","1.402"
"2023/05/05","03:42","1.252","-","1.39"
"2023/05/05","03:48","1.227","-","1.338"
"2023/05/05","03:54","1.201","-","1.329"
"2023/05/05","04:00","1.174","-","1.294"
"2023/05/05","04:06","1.147","-","1.28"
"2023/05/05","04:12","1.119","-","1.226"
"2023/05/05","04:18","1.09","-","1.191"
"2023/05/05","04:24","1.062","-","1.162"
"2023/05/05","04:30","1.033","-","1.131"
"2023/05/05","04:36","1.003","-","1.097"
"2023/05/05","04:42","0.974","-","1.066"
"2023/05/05","04:48","0.944","-","1.034"
"2023/05/05","04:54","0.915","-","1.012"
"2023/05/05","05:00","0.885","-","0.977"
"2023/05/05","05:06","0.856","-","0.946"
"2023/05/05","05:12","0.827","-","0.915"
"2023/05/05","05:18","0.798","-","0.885"
"2023/05/05","05:24","0.769","-","0.855"
"2023/05/05","05:30","0.74","-","0.823"
"2023/05/05","05:36","0.712","-","0.791"
"2023/05/05","05:42","0.683","-","0.764"
"2023/05/05","05:48","0.656","-","0.735"
"2023/05/05","05:54","0.628","-","0.707"
"2023/05/05","06:00","0.601","-","0.675"
"2023/05/05","06:06","0.574","-","0.646"
"2023/05/05","06:12","0.547","-","0.62"
"2023/05/05","06:18","0.521","-","0.589"
"2023/05/05","06:24","0.496","-","0.561"
"2023/05/05","06:30","0.47","-","0.535"
"2023/05/05","06:36","0.445","-","0.517"
"2023/05/05","06:42","0.421","-","0.487"
"2023/05/05","06:48","0.396","-","0.464"
"2023/05/05","06:54","0.373","-","0.435"
"2023/05/05","07:00","0.349","-","0.416"
"2023/05/05","07:06","0.327","-","0.389"
"2023/05/05","07:12","0.304","-","0.368"
"2023/05/05","07:18","0.283","-","0.345"
"2023/05/05","07:24","0.262","-","0.323"
"2023/05/05","07:30","0.242","-","0.303"
"2023/05/05","07:36","0.222","-","0.282"
"2023/05/05","07:42","0.204","-","0.261"
"2023/05/05","07:48","0.186","-","0.242"
"2023/05/05","07:54","0.17","-","0.228"
"2023/05/05","08:00","0.155","-","0.212"
"2023/05/05","08:06","0.141","-","0.196"
"2023/05/05","08:12","0.129","-","0.18"
"2023/05/05","08:18","0.118","-","0.166"
"2023/05/05","08:24","0.11","-","0.158"
"2023/05/05","08:30","0.103","-","0.153"
"2023/05/05","08:36","0.099","-","0.148"
"2023/05/05","08:42","0.097","-","0.145"
"2023/05/05","08:48","0.097","-","0.146"
"2023/05/05","08:54","0.1","-","0.15"
"2023/05/05","09:00","0.106","-","0.157"
"2023/05/05","09:06","0.114","-","0.166"
"2023/05/05","09:12","0.125","-","0.181"
"2023/05/05","09:18","0.139","-","0.203"
"2023/05/05","09:24","0.155","-","0.233"
"2023/05/05","09:30","0.175","-","0.268"
"2023/05/05","09:36","0.197","-","0.308"
"2023/05/05","09:42","0.222","-","0.35"
"2023/05/05","09:48","0.249","-","0.395"
"2023/05/05","09:54","0.279","-","0.443"
"2023/05/05","10:00","0.311","-","0.497"
"2023/05/05","10:06","0.345","-","0.551"
"2023/05/05","10:12","0.381","-","0.588"
"2023/05/05","10:18","0.418","-","0.651"
"2023/05/05","10:24","0.457","-","0.704"
"2023/05/05","10:30","0.496","-","0.758"
"2023/05/05","10:36","0.536","-","0.809"
"2023/05/05","10:42","0.577","-","0.862"
"2023/05/05","10:48","0.618","-","0.907"
"2023/05/05","10:54","0.659","-","0.956"
"2023/05/05","11:00","0.699","-","1.002"
"2023/05/05","11:06","0.738","-","1.045"
"2023/05/05","11:12","0.777","-","1.083"
"2023/05/05","11:18","0.815","-","1.118"
"2023/05/05","11:24","0.851","-","1.152"
"2023/05/05","11:30","0.886","-","1.183"
"2023/05/05","11:36","0.919","-","1.212"
"2023/05/05","11:42","0.951","-","1.238"
"2023/05/05","11:48","0.981","-","1.261"
"2023/05/05","11:54","1.009","-","1.282"
"2023/05/05","12:00","1.036","-","1.301"
"2023/05/05","12:06","1.06","-","1.322"
"2023/05/05","12:12","1.083","-","1.341"
"2023/05/05","12:18","1.104","-","1.358"
"2023/05/05","12:24","1.123","-","1.37"
"2023/05/05","12:30","1.141","-","1.383"
"2023/05/05","12:36","1.157","-","1.396"
"2023/05/05","12:42","1.172","-","1.409"
"2023/05/05","12:48","1.185","-","1.421"
"2023/05/05","12:54","1.197","-","1.433"
"2023/05/05","13:00","1.208","-","1.443"
"2023/05/05","13:06","1.218","-","1.452"
"2023/05/05","13:12","1.227","-","1.46"
"2023/05/05","13:18","1.234","-","1.468"
"2023/05/05","13:24","1.241","-","1.474"
"2023/05/05","13:30","1.247","-","1.481"
"2023/05/05","13:36","1.251","-","1.485"
"2023/05/05","13:42","1.255","-","1.487"
"2023/05/05","13:48","1.258","-","1.49"
"2023/05/05","13:54","1.259","-","1.49"
"2023/05/05","14:00","1.26","-","1.491"
"2023/05/05","14:06","1.26","-","1.491"
"2023/05/05","14:12","1.258","-","1.489"
"2023/05/05","14:18","1.255","-","1.486"
"2023/05/05","14:24","1.251","-","1.49"
"2023/05/05","14:30","1.246","-","1.497"
"2023/05/05","14:36","1.24","-","1.421"
"2023/05/05","14:42","1.232","-","1.455"
"2023/05/05","14:48","1.223","-","1.426"
"2023/05/05","14:54","1.212","-","1.428"
"2023/05/05","15:00","1.2","-","1.42"
"2023/05/05","15:06","1.186","-","1.389"
"2023/05/05","15:12","1.172","-","1.362"
"2023/05/05","15:18","1.155","-","1.344"
"2023/05/05","15:24","1.138","-","1.326"
"2023/05/05","15:30","1.119","-","1.301"
"2023/05/05","15:36","1.099","-","1.277"
"2023/05/05","15:42","1.078","-","1.251"
"2023/05/05","15:48","1.056","-","1.225"
"2023/05/05","15:54","1.033","-","1.195"
"2023/05/05","16:00","1.009","-","1.164"
"2023/05/05","16:06","0.984","-","1.138"
"2023/05/05","16:12","0.959","-","1.105"
"2023/05/05","16:18","0.933","-","1.079"
"2023/05/05","16:24","0.906","-","1.045"
"2023/05/05","16:30","0.879","-","1.013"
"2023/05/05","16:36","0.852","-","0.979"
"2023/05/05","16:42","0.824","-","0.945"
"2023/05/05","16:48","0.797","-","0.914"
"2023/05/05","16:54","0.769","-","0.886"
"2023/05/05","17:00","0.741","-","0.855"
"2023/05/05","17:06","0.714","-","0.823"
"2023/05/05","17:12","0.687","-","0.794"
"2023/05/05","17:18","0.659","-","0.763"
"2023/05/05","17:24","0.633","-","0.731"
"2023/05/05","17:30","0.606","-","0.696"
"2023/05/05","17:36","0.58","-","0.667"
"2023/05/05","17:42","0.554","-","0.636"
"2023/05/05","17:48","0.529","-","0.602"
"2023/05/05","17:54","0.505","-","0.569"
"2023/05/05","18:00","0.481","-","0.543"
"2023/05/05","18:06","0.457","-","0.516"
"2023/05/05","18:12","0.434","-","0.489"
"2023/05/05","18:18","0.412","-","0.465"
"2023/05/05","18:24","0.39","-","0.44"
"2023/05/05","18:30","0.369","-","0.415"
"2023/05/05","18:36","0.348","-","0.388"
"2023/05/05","18:42","0.328","-","0.365"
"2023/05/05","18:48","0.309","-","0.342"
"2023/05/05","18:54","0.29","-","0.315"
"2023/05/05","19:00","0.273","-","0.292"
"2023/05/05","19:06","0.255","-","0.271"
"2023/05/05","19:12","0.239","-","0.251"
"2023/05/05","19:18","0.223","-","0.231"
"2023/05/05","19:24","0.207","-","0.211"
"2023/05/05","19:30","0.193","-","0.192"
"2023/05/05","19:36","0.179","-","0.174"
"2023/05/05","19:42","0.166","-","0.158"
"2023/05/05","19:48","0.154","-","0.142"
"2023/05/05","19:54","0.143","-","0.126"
"2023/05/05","20:00","0.133","-","0.11"
"2023/05/05","20:06","0.123","-","0.101"
"2023/05/05","20:12","0.115","-","0.088"
"2023/05/05","20:18","0.108","-","0.079"
"2023/05/05","20:24","0.103","-","0.074"
"2023/05/05","20:30","0.099","-","0.07"
"2023/05/05","20:36","0.097","-","0.071"
"2023/05/05","20:42","0.096","-","0.072"
"2023/05/05","20:48","0.098","-","0.077"
"2023/05/05","20:54","0.101","-","0.089"
"2023/05/05","21:00","0.106","-","0.106"
"2023/05/05","21:06","0.114","-","0.129"
"2023/05/05","21:12","0.124","-","0.156"
"2023/05/05","21:18","0.137","-","0.189"
"2023/05/05","21:24","0.152","-","0.227"
"2023/05/05","21:30","0.17","-","0.267"
"2023/05/05","21:36","0.191","-","0.313"
"2023/05/05","21:42","0.214","-","0.359"
"2023/05/05","21:48","0.24","-","0.369"
"2023/05/05","21:54","0.268","-","0.452"
"2023/05/05","22:00","0.3","-","0.503"
"2023/05/05","22:06","0.333","-","0.57"
"2023/05/05","22:12","0.37","-","0.62"
"2023/05/05","22:18","0.408","-","0.683"
"2023/05/05","22:24","0.448","-","0.726"
"2023/05/05","22:30","0.49","-","0.782"
"2023/05/05","22:36","0.534","-","0.836"
"2023/05/05","22:42","0.579","-","0.897"
"2023/05/05","22:48","0.625","-","0.936"
"2023/05/05","22:54","0.672","-","0.992"
"2023/05/05","23:00","0.719","-","1.034"
"2023/05/05","23:06","0.766","-","1.088"
"2023/05/05","23:12","0.814","-","1.127"
"2023/05/05","23:18","0.86","-","1.167"
"2023/05/05","23:24","0.907","-","1.199"
"2023/05/05","23:30","0.952","-","1.229"
"2023/05/05","23:36","0.996","-","1.261"
"2023/05/05","23:42","1.039","-","1.292"
"2023/05/05","23:48","1.08","-","1.319"
"2023/05/05","23:54","1.119","-","1.347"
"2023/05/06","00:00","1.157","-","1.369"
"2023/05/06","00:06","1.192","-","1.393"
"2023/05/06","00:12","1.226","-","1.411"
"2023/05/06","00:18","1.257","-","1.434"
"2023/05/06","00:24","1.287","-","1.451"
"2023/05/06","00:30","1.314","-","1.469"
"2023/05/06","00:36","1.339","-","1.487"
"2023/05/06","00:42","1.362","-","1.504"
"2023/05/06","00:48","1.383","-","1.522"
"2023/05/06","00:54","1.403","-","1.54"
"2023/05/06","01:00","1.421","-","1.556"
"2023/05/06","01:06","1.437","-","1.571"
"2023/05/06","01:12","1.451","-","1.586"
"2023/05/06","01:18","1.464","-","1.603"
"2023/05/06","01:24","1.476","-","1.619"
"2023/05/06","01:30","1.486","-","1.633"
"2023/05/06","01:36","1.495","-","1.648"
"2023/05/06","01:42","1.503","-","1.661"
"2023/05/06","01:48","1.51","-","1.673"
"2023/05/06","01:54","1.516","-","1.685"
"2023/05/06","02:00","1.52","-","1.698"
"2023/05/06","02:06","1.524","-","1.707"
"2023/05/06","02:12","1.527","-","1.712"
"2023/05/06","02:18","1.529","-","1.718"
"2023/05/06","02:24","1.53","-","1.723"
"2023/05/06","02:30","1.529","-","1.727"
"2023/05/06","02:36","1.528","-","1.73"
"2023/05/06","02:42","1.525","-","1.732"
"2023/05/06","02:48","1.522","-","1.733"
"2023/05/06","02:54","1.517","-","1.733"
"2023/05/06","03:00","1.51","-","1.731"
"2023/05/06","03:06","1.503","-","1.725"
"2023/05/06","03:12","1.494","-","1.716"
"2023/05/06","03:18","1.484","-","1.702"
"2023/05/06","03:24","1.472","-","1.688"
"2023/05/06","03:30","1.459","-","1.672"
"2023/05/06","03:36","1.445","-","1.655"
"2023/05/06","03:42","1.429","-","1.634"
"2023/05/06","03:48","1.412","-","1.613"
"2023/05/06","03:54","1.394","-","1.588"
"2023/05/06","04:00","1.374","-","1.564"
"2023/05/06","04:06","1.353","-","1.538"
"2023/05/06","04:12","1.332","-","1.509"
"2023/05/06","04:18","1.309","-","1.481"
"2023/05/06","04:24","1.285","-","1.453"
"2023/05/06","04:30","1.26","-","1.424"
"2023/05/06","04:36","1.235","-","1.392"
"2023/05/06","04:42","1.208","-","1.362"
"2023/05/06","04:48","1.181","-","1.332"
"2023/05/06","04:54","1.154","-","1.3"
"2023/05/06","05:00","1.126","-","1.265"
"2023/05/06","05:06","1.097","-","1.23"
"2023/05/06","05:12","1.068","-","1.196"
"2023/05/06","05:18","1.039","-","1.164"
"2023/05/06","05:24","1.01","-","1.129"
"2023/05/06","05:30","0.98","-","1.095"
"2023/05/06","05:36","0.951","-","1.063"
"2023/05/06","05:42","0.921","-","1.033"
"2023/05/06","05:48","0.892","-","1.004"
"2023/05/06","05:54","0.862","-","0.973"
"2023/05/06","06:00","0.832","-","0.943"
"2023/05/06","06:06","0.803","-","0.911"
"2023/05/06","06:12","0.774","-","0.88"
"2023/05/06","06:18","0.744","-","0.848"
"2023/05/06","06:24","0.716","-","0.82"
"2023/05/06","06:30","0.687","-","0.791"
"2023/05/06","06:36","0.658","-","0.752"
"2023/05/06","06:42","0.63","-","0.723"
"2023/05/06","06:48","0.602","-","0.702"
"2023/05/06","06:54","0.575","-","0.662"
"2023/05/06","07:00","0.547","-","0.639"
"2023/05/06","07:06","0.52","-","0.613"
"2023/05/06","07:12","0.494","-","0.59"
"2023/05/06","07:18","0.467","-","0.558"
"2023/05/06","07:24","0.442","-","0.532"
"2023/05/06","07:30","0.416","-","0.496"
"2023/05/06","07:36","0.391","-","0.479"
"2023/05/06","07:42","0.366","-","0.455"
"2023/05/06","07:48","0.342","-","0.42"
"2023/05/06","07:54","0.318","-","0.391"
"2023/05/06","08:00","0.295","-","0.372"
"2023/05/06","08:06","0.273","-","0.341"
"2023/05/06","08:12","0.251","-","0.32"
"2023/05/06","08:18","0.23","-","0.302"
"2023/05/06","08:24","0.21","-","0.283"
"2023/05/06","08:30","0.191","-","0.255"
"2023/05/06","08:36","0.173","-","0.24"
"2023/05/06","08:42","0.156","-","0.219"
"2023/05/06","08:48","0.141","-","0.196"
"2023/05/06","08:54","0.127","-","0.184"
"2023/05/06","09:00","0.114","-","0.171"
"2023/05/06","09:06","0.104","-","0.166"
"2023/05/06","09:12","0.095","-","0.17"
"2023/05/06","09:18","0.088","-","0.111"
"2023/05/06","09:24","0.084","-","0.121"
"2023/05/06","09:30","0.082","-","0.124"
"2023/05/06","09:36","0.083","-","0.116"
"2023/05/06","09:42","0.086","-","0.127"
"2023/05/06","09:48","0.092","-","0.138"
"2023/05/06","09:54","0.1","-","0.123"
"2023/05/06","10:00","0.112","-","0.147"
"2023/05/06","10:06","0.126","-","0.165"
"2023/05/06","10:12","0.144","-","0.202"
"2023/05/06","10:18","0.164","-","0.249"
"2023/05/06","10:24","0.187","-","0.285"
"2023/05/06","10:30","0.213","-","0.329"
"2023/05/06","10:36","0.241","-","0.37"
"2023/05/06","10:42","0.272","-","0.423"
"2023/05/06","10:48","0.306","-","0.476"
"2023/05/06","10:54","0.341","-","0.529"
"2023/05/06","11:00","0.378","-","0.586"
"2023/05/06","11:06","0.417","-","0.638"
"2023/05/06","11:12","0.457","-","0.698"
"2023/05/06","11:18","0.498","-","0.751"
"2023/05/06","11:24","0.54","-","0.806"
"2023/05/06","11:30","0.582","-","0.857"
"2023/05/06","11:36","0.624","-","0.907"
"2023/05/06","11:42","0.667","-","0.95"
"2023/05/06","11:48","0.708","-","0.994"
"2023/05/06","11:54","0.749","-","1.038"
"2023/05/06","12:00","0.79","-","1.078"
"2023/05/06","12:06","0.829","-","1.118"
"2023/05/06","12:12","0.866","-","1.155"
"2023/05/06","12:18","0.902","-","1.184"
"2023/05/06","12:24","0.936","-","1.215"
"2023/05/06","12:30","0.969","-","1.234"
"2023/05/06","12:36","1","-","1.266"
"2023/05/06","12:42","1.028","-","1.278"
"2023/05/06","12:48","1.055","-","1.297"
"2023/05/06","12:54","1.079","-","1.312"
"2023/05/06","13:00","1.102","-","1.326"
"2023/05/06","13:06","1.123","-","1.345"
"2023/05/06","13:12","1.141","-","1.356"
"2023/05/06","13:18","1.158","-","1.374"
"2023/05/06","13:24","1.174","-","1.385"
"2023/05/06","13:30","1.187","-","1.399"
"2023/05/06","13:36","1.199","-","1.408"
"2023/05/06","13:42","1.21","-","1.419"
"2023/05/06","13:48","1.219","-","1.429"
"2023/05/06","13:54","1.227","-","1.437"
"2023/05/06","14:00","1.234","-","1.445"
"2023/05/06","14:06","1.24","-","1.451"
"2023/05/06","14:12","1.244","-","1.456"
"2023/05/06","14:18","1.248","-","1.46"
"2023/05/06","14:24","1.251","-","1.464"
"2023/05/06","14:30","1.252","-","1.467"
"2023/05/06","14:36","1.253","-","1.468"
"2023/05/06","14:42","1.253","-","1.47"
"2023/05/06","14:48","1.251","-","1.468"
"2023/05/06","14:54","1.249","-","1.463"
"2023/05/06","15:00","1.246","-","1.455"
"2023/05/06","15:06","1.241","-","1.447"
"2023/05/06","15:12","1.235","-","1.44"
"2023/05/06","15:18","1.229","-","1.431"
"2023/05/06","15:24","1.221","-","1.419"
"2023/05/06","15:30","1.212","-","1.404"
"2023/05/06","15:36","1.201","-","1.387"
"2023/05/06","15:42","1.189","-","1.369"
"2023/05/06","15:48","1.176","-","1.349"
"2023/05/06","15:54","1.162","-","1.329"
"2023/05/06","16:00","1.147","-","1.307"
"2023/05/06","16:06","1.13","-","1.283"
"2023/05/06","16:12","1.112","-","1.258"
"2023/05/06","16:18","1.093","-","1.232"
"2023/05/06","16:24","1.072","-","1.207"
"2023/05/06","16:30","1.051","-","1.182"
"2023/05/06","16:36","1.029","-","1.156"
"2023/05/06","16:42","1.006","-","1.126"
"2023/05/06","16:48","0.982","-","1.098"
"2023/05/06","16:54","0.957","-","1.067"
"2023/05/06","17:00","0.932","-","1.036"
"2023/05/06","17:06","0.906","-","1.004"
"2023/05/06","17:12","0.879","-","0.972"
"2023/05/06","17:18","0.853","-","0.937"
"2023/05/06","17:24","0.826","-","0.905"
"2023/05/06","17:30","0.798","-","0.875"
"2023/05/06","17:36","0.771","-","0.845"
"2023/05/06","17:42","0.744","-","0.81"
"2023/05/06","17:48","0.716","-","0.777"
"2023/05/06","17:54","0.689","-","0.746"
"2023/05/06","18:00","0.662","-","0.719"
"2023/05/06","18:06","0.635","-","0.688"
"2023/05/06","18:12","0.608","-","0.662"
"2023/05/06","18:18","0.582","-","0.632"
"2023/05/06","18:24","0.556","-","0.605"
"2023/05/06","18:30","0.531","-","0.581"
"2023/05/06","18:36","0.506","-","0.55"
"2023/05/06","18:42","0.481","-","0.526"
"2023/05/06","18:48","0.457","-","0.502"
"2023/05/06","18:54","0.433","-","0.47"
"2023/05/06","19:00","0.411","-","0.446"
"2023/05/06","19:06","0.388","-","0.424"
"2023/05/06","19:12","0.367","-","0.397"
"2023/05/06","19:18","0.346","-","0.372"
"2023/05/06","19:24","0.325","-","0.352"
"2023/05/06","19:30","0.306","-","0.331"
"2023/05/06","19:36","0.287","-","0.313"
"2023/05/06","19:42","0.268","-","0.288"
"2023/05/06","19:48","0.251","-","0.271"
"2023/05/06","19:54","0.234","-","0.244"
"2023/05/06","20:00","0.217","-","0.225"
"2023/05/06","20:06","0.202","-","0.211"
"2023/05/06","20:12","0.187","-","0.188"
"2023/05/06","20:18","0.173","-","0.172"
"2023/05/06","20:24","0.16","-","0.154"
"2023/05/06","20:30","0.148","-","0.138"
"2023/05/06","20:36","0.137","-","0.123"
"2023/05/06","20:42","0.127","-","0.109"
"2023/05/06","20:48","0.118","-","0.099"
"2023/05/06","20:54","0.11","-","0.087"
"2023/05/06","21:00","0.103","-","0.08"
"2023/05/06","21:06","0.098","-","0.075"
"2023/05/06","21:12","0.094","-","0.073"
"2023/05/06","21:18","0.091","-","0.074"
"2023/05/06","21:24","0.091","-","0.079"
"2023/05/06","21:30","0.092","-","0.086"
"2023/05/06","21:36","0.095","-","0.098"
"2023/05/06","21:42","0.1","-","0.115"
"2023/05/06","21:48","0.107","-","0.137"
"2023/05/06","21:54","0.117","-","0.159"
"2023/05/06","22:00","0.129","-","0.188"
"2023/05/06","22:06","0.144","-","0.221"
"2023/05/06","22:12","0.161","-","0.26"
"2023/05/06","22:18","0.181","-","0.301"
"2023/05/06","22:24","0.204","-","0.346"
"2023/05/06","22:30","0.229","-","0.393"
"2023/05/06","22:36","0.257","-","0.443"
"2023/05/06","22:42","0.288","-","0.494"
"2023/05/06","22:48","0.321","-","0.548"
"2023/05/06","22:54","0.357","-","0.603"
"2023/05/06","23:00","0.396","-","0.661"
"2023/05/06","23:06","0.436","-","0.718"
"2023/05/06","23:12","0.479","-","0.774"
"2023/05/06","23:18","0.523","-","0.83"
"2023/05/06","23:24","0.569","-","0.885"
"2023/05/06","23:30","0.616","-","0.936"
"2023/05/06","23:36","0.664","-","0.984"
"2023/05/06","23:42","0.713","-","1.032"
"2023/05/06","23:48","0.762","-","1.078"
"2023/05/06","23:54","0.811","-","1.122"
"2023/05/07","00:00","0.86","-","1.162"
"2023/05/07","00:06","0.909","-","1.199"
"2023/05/07","00:12","0.957","-","1.234"
"2023/05/07","00:18","1.003","-","1.265"
"2023/05/07","00:24","1.049","-","1.295"
"2023/05/07","00:30","1.093","-","1.323"
"2023/05/07","00:36","1.135","-","1.349"
"2023/05/07","00:42","1.175","-","1.373"
"2023/05/07","00:48","1.213","-","1.399"
"2023/05/07","00:54","1.249","-","1.421"
"2023/05/07","01:00","1.283","-","1.442"
"2023/05/07","01:06","1.314","-","1.464"
"2023/05/07","01:12","1.344","-","1.483"
"2023/05/07","01:18","1.37","-","1.501"
"2023/05/07","01:24","1.395","-","1.52"
"2023/05/07","01:30","1.417","-","1.54"
"2023/05/07","01:36","1.437","-","1.56"
"2023/05/07","01:42","1.455","-","1.578"
"2023/05/07","01:48","1.472","-","1.597"
"2023/05/07","01:54","1.486","-","1.614"
"2023/05/07","02:00","1.498","-","1.633"
"2023/05/07","02:06","1.509","-","1.648"
"2023/05/07","02:12","1.519","-","1.664"
"2023/05/07","02:18","1.527","-","1.679"
"2023/05/07","02:24","1.534","-","1.693"
"2023/05/07","02:30","1.539","-","1.707"
"2023/05/07","02:36","1.544","-","1.718"
"2023/05/07","02:42","1.547","-","1.728"
"2023/05/07","02:48","1.549","-","1.736"
"2023/05/07","02:54","1.551","-","1.745"
"2023/05/07","03:00","1.551","-","1.751"
"2023/05/07","03:06","1.55","-","1.755"
"2023/05/07","03:12","1.549","-","1.759"
"2023/05/07","03:18","1.546","-","1.762"
"2023/05/07","03:24","1.543","-","1.762"
"2023/05/07","03:30","1.538","-","1.76"
"2023/05/07","03:36","1.533","-","1.757"
"2023/05/07","03:42","1.526","-","1.752"
"2023/05/07","03:48","1.518","-","1.744"
"2023/05/07","03:54","1.509","-","1.734"
"2023/05/07","04:00","1.499","-","1.722"
"2023/05/07","04:06","1.488","-","1.707"
"2023/05/07","04:12","1.475","-","1.69"
"2023/05/07","04:18","1.461","-","1.67"
"2023/05/07","04:24","1.446","-","1.647"
"2023/05/07","04:30","1.43","-","1.624"
"2023/05/07","04:36","1.412","-","1.6"
"2023/05/07","04:42","1.394","-","1.574"
"2023/05/07","04:48","1.374","-","1.546"
"2023/05/07","04:54","1.353","-","1.519"
"2023/05/07","05:00","1.331","-","1.489"
"2023/05/07","05:06","1.309","-","1.461"
"2023/05/07","05:12","1.285","-","1.429"
"2023/05/07","05:18","1.26","-","1.397"
"2023/05/07","05:24","1.235","-","1.362"
"2023/05/07","05:30","1.209","-","1.334"
"2023/05/07","05:36","1.182","-","1.302"
"2023/05/07","05:42","1.155","-","1.269"
"2023/05/07","05:48","1.127","-","1.235"
"2023/05/07","05:54","1.099","-","1.2"
"2023/05/07","06:00","1.07","-","1.165"
"2023/05/07","06:06","1.041","-","1.133"
"2023/05/07","06:12","1.012","-","1.099"
"2023/05/07","06:18","0.983","-","1.067"
"2023/05/07","06:24","0.953","-","1.04"
"2023/05/07","06:30","0.924","-","1.009"
"2023/05/07","06:36","0.894","-","0.976"
"2023/05/07","06:42","0.865","-","0.945"
"2023/05/07","06:48","0.835","-","0.914"
"2023/05/07","06:54","0.805","-","0.88"
"2023/05/07","07:00","0.776","-","0.849"
"2023/05/07","07:06","0.747","-","0.821"
"2023/05/07","07:12","0.717","-","0.784"
"2023/05/07","07:18","0.688","-","0.754"
"2023/05/07","07:24","0.66","-","0.722"
"2023/05/07","07:30","0.631","-","0.693"
"2023/05/07","07:36","0.603","-","0.664"
"2023/05/07","07:42","0.575","-","0.631"
"2023/05/07","07:48","0.547","-","0.603"
"2023/05/07","07:54","0.519","-","0.576"
"2023/05/07","08:00","0.492","-","0.55"
"2023/05/07","08:06","0.466","-","0.522"
"2023/05/07","08:12","0.439","-","0.496"
"2023/05/07","08:18","0.413","-","0.468"
"2023/05/07","08:24","0.388","-","0.442"
"2023/05/07","08:30","0.363","-","0.42"
"2023/05/07","08:36","0.338","-","0.395"
"2023/05/07","08:42","0.314","-","0.369"
"2023/05/07","08:48","0.291","-","0.343"
"2023/05/07","08:54","0.268","-","0.32"
"2023/05/07","09:00","0.246","-","0.299"
"2023/05/07","09:06","0.225","-","0.277"
"2023/05/07","09:12","0.205","-","0.256"
"2023/05/07","09:18","0.186","-","0.234"
"2023/05/07","09:24","0.167","-","0.214"
"2023/05/07","09:30","0.151","-","0.196"
"2023/05/07","09:36","0.135","-","0.18"
"2023/05/07","09:42","0.121","-","0.164"
"2023/05/07","09:48","0.109","-","0.149"
"2023/05/07","09:54","0.099","-","0.138"
"2023/05/07","10:00","0.09","-","0.129"
"2023/05/07","10:06","0.084","-","0.121"
"2023/05/07","10:12","0.08","-","0.115"
"2023/05/07","10:18","0.078","-","0.115"
"2023/05/07","10:24","0.079","-","0.117"
"2023/05/07","10:30","0.082","-","0.124"
"2023/05/07","10:36","0.088","-","0.137"
"2023/05/07","10:42","0.098","-","0.151"
"2023/05/07","10:48","0.11","-","0.175"
"2023/05/07","10:54","0.124","-","0.205"
"2023/05/07","11:00","0.142","-","0.24"
"2023/05/07","11:06","0.163","-","0.28"
"2023/05/07","11:12","0.186","-","0.317"
"2023/05/07","11:18","0.213","-","0.356"
"2023/05/07","11:24","0.242","-","0.395"
"2023/05/07","11:30","0.273","-","0.44"
"2023/05/07","11:36","0.307","-","0.488"
"2023/05/07","11:42","0.343","-","0.539"
"2023/05/07","11:48","0.381","-","0.592"
"2023/05/07","11:54","0.42","-","0.645"
"2023/05/07","12:00","0.461","-","0.696"
"2023/05/07","12:06","0.502","-","0.746"
"2023/05/07","12:12","0.545","-","0.793"
"2023/05/07","12:18","0.588","-","0.841"
"2023/05/07","12:24","0.631","-","0.885"
"2023/05/07","12:30","0.674","-","0.929"
"2023/05/07","12:36","0.716","-","0.97"
"2023/05/07","12:42","0.758","-","1.01"
"2023/05/07","12:48","0.798","-","1.049"
"2023/05/07","12:54","0.838","-","1.087"
"2023/05/07","13:00","0.875","-","1.122"
"2023/05/07","13:06","0.912","-","1.152"
"2023/05/07","13:12","0.946","-","1.176"
"2023/05/07","13:18","0.979","-","1.201"
"2023/05/07","13:24","1.009","-","1.224"
"2023/05/07","13:30","1.038","-","1.244"
"2023/05/07","13:36","1.064","-","1.262"
"2023/05/07","13:42","1.088","-","1.279"
"2023/05/07","13:48","1.11","-","1.294"
"2023/05/07","13:54","1.13","-","1.308"
"2023/05/07","14:00","1.148","-","1.321"
"2023/05/07","14:06","1.164","-","1.334"
"2023/05/07","14:12","1.178","-","1.347"
"2023/05/07","14:18","1.191","-","1.358"
"2023/05/07","14:24","1.202","-","1.366"
"2023/05/07","14:30","1.211","-","1.376"
"2023/05/07","14:36","1.219","-","1.384"
"2023/05/07","14:42","1.225","-","1.392"
"2023/05/07","14:48","1.231","-","1.398"
"2023/05/07","14:54","1.235","-","1.406"
"2023/05/07","15:00","1.238","-","1.411"
"2023/05/07","15:06","1.24","-","1.417"
"2023/05/07","15:12","1.241","-","1.421"
"2023/05/07","15:18","1.241","-","1.424"
"2023/05/07","15:24","1.241","-","1.426"
"2023/05/07","15:30","1.239","-","1.428"
"2023/05/07","15:36","1.236","-","1.429"
"2023/05/07","15:42","1.233","-","1.43"
"2023/05/07","15:48","1.229","-","1.429"
"2023/05/07","15:54","1.223","-","1.426"
"2023/05/07","16:00","1.217","-","1.421"
"2023/05/07","16:06","1.209","-","1.413"
"2023/05/07","16:12","1.201","-","1.402"
"2023/05/07","16:18","1.191","-","1.392"
"2023/05/07","16:24","1.18","-","1.38"
"2023/05/07","16:30","1.168","-","1.368"
"2023/05/07","16:36","1.155","-","1.355"
"2023/05/07","16:42","1.141","-","1.338"
"2023/05/07","16:48","1.125","-","1.321"
"2023/05/07","16:54","1.109","-","1.299"
"2023/05/07","17:00","1.091","-","1.278"
"2023/05/07","17:06","1.072","-","1.255"
"2023/05/07","17:12","1.052","-","1.23"
"2023/05/07","17:18","1.031","-","1.206"
"2023/05/07","17:24","1.009","-","1.176"
"2023/05/07","17:30","0.986","-","1.148"
"2023/05/07","17:36","0.963","-","1.119"
"2023/05/07","17:42","0.939","-","1.087"
"2023/05/07","17:48","0.914","-","1.058"
"2023/05/07","17:54","0.888","-","1.024"
"2023/05/07","18:00","0.862","-","0.993"
"2023/05/07","18:06","0.836","-","0.962"
"2023/05/07","18:12","0.809","-","0.924"
"2023/05/07","18:18","0.782","-","0.886"
"2023/05/07","18:24","0.755","-","0.853"
"2023/05/07","18:30","0.728","-","0.822"
"2023/05/07","18:36","0.701","-","0.787"
"2023/05/07","18:42","0.674","-","0.757"
"2023/05/07","18:48","0.647","-","0.727"
"2023/05/07","18:54","0.62","-","0.701"
"2023/05/07","19:00","0.594","-","0.669"
"2023/05/07","19:06","0.567","-","0.637"
"2023/05/07","19:12","0.541","-","0.606"
"2023/05/07","19:18","0.516","-","0.578"
"2023/05/07","19:24","0.491","-","0.55"
"2023/05/07","19:30","0.466","-","0.526"
"2023/05/07","19:36","0.442","-","0.503"
"2023/05/07","19:42","0.419","-","0.473"
"2023/05/07","19:48","0.396","-","0.451"
"2023/05/07","19:54","0.373","-","0.429"
"2023/05/07","20:00","0.352","-","0.401"
"2023/05/07","20:06","0.331","-","0.373"
"2023/05/07","20:12","0.31","-","0.352"
"2023/05/07","20:18","0.291","-","0.329"
"2023/05/07","20:24","0.272","-","0.304"
"2023/05/07","20:30","0.254","-","0.285"
"2023/05/07","20:36","0.236","-","0.26"
"2023/05/07","20:42","0.219","-","0.245"
"2023/05/07","20:48","0.204","-","0.224"
"2023/05/07","20:54","0.189","-","0.204"
"2023/05/07","21:00","0.174","-","0.187"
"2023/05/07","21:06","0.161","-","0.167"
"2023/05/07","21:12","0.149","-","0.15"
"2023/05/07","21:18","0.137","-","0.136"
"2023/05/07","21:24","0.127","-","0.12"
"2023/05/07","21:30","0.117","-","0.112"
"2023/05/07","21:36","0.109","-","0.103"
"2023/05/07","21:42","0.102","-","0.097"
"2023/05/07","21:48","0.096","-","0.09"
"2023/05/07","21:54","0.092","-","0.089"
"2023/05/07","22:00","0.089","-","0.091"
"2023/05/07","22:06","0.088","-","0.095"
"2023/05/07","22:12","0.089","-","0.102"
"2023/05/07","22:18","0.091","-","0.116"
"2023/05/07","22:24","0.095","-","0.135"
"2023/05/07","22:30","0.102","-","0.163"
"2023/05/07","22:36","0.11","-","0.191"
"2023/05/07","22:42","0.121","-","0.227"
"2023/05/07","22:48","0.134","-","0.262"
"2023/05/07","22:54","0.15","-","0.304"
"2023/05/07","23:00","0.169","-","0.347"
"2023/05/07","23:06","0.19","-","0.389"
"2023/05/07","23:12","0.214","-","0.441"
"2023/05/07","23:18","0.24","-","0.491"
"2023/05/07","23:24","0.269","-","0.544"
"2023/05/07","23:30","0.301","-","0.598"
"2023/05/07","23:36","0.335","-","0.656"
"2023/05/07","23:42","0.372","-","0.709"
"2023/05/07","23:48","0.411","-","0.769"
"2023/05/07","23:54","0.453","-","0.821"
"2023/05/08","00:00","0.496","-","0.875"
"2023/05/08","00:06","0.541","-","0.924"
"2023/05/08","00:12","0.587","-","0.974"
"2023/05/08","00:18","0.635","-","1.019"
"2023/05/08","00:24","0.684","-","1.061"
"2023/05/08","00:30","0.734","-","1.103"
"2023/05/08","00:36","0.783","-","1.142"
"2023/05/08","00:42","0.833","-","1.178"
"2023/05/08","00:48","0.883","-","1.211"
"2023/05/08","00:54","0.932","-","1.241"
"2023/05/08","01:00","0.98","-","1.271"
"2023/05/08","01:06","1.027","-","1.299"
"2023/05/08","01:12","1.073","-","1.324"
"2023/05/08","01:18","1.117","-","1.35"
"2023/05/08","01:24","1.159","-","1.373"
"2023/05/08","01:30","1.199","-","1.396"
"2023/05/08","01:36","1.238","-","1.415"
"2023/05/08","01:42","1.273","-","1.435"
"2023/05/08","01:48","1.307","-","1.454"
"2023/05/08","01:54","1.338","-","1.475"
"2023/05/08","02:00","1.366","-","1.497"
"2023/05/08","02:06","1.393","-","1.517"
"2023/05/08","02:12","1.416","-","1.534"
"2023/05/08","02:18","1.438","-","1.551"
"2023/05/08","02:24","1.457","-","1.569"
"2023/05/08","02:30","1.474","-","1.585"
"2023/05/08","02:36","1.489","-","1.601"
"2023/05/08","02:42","1.502","-","1.617"
"2023/05/08","02:48","1.513","-","1.631"
"2023/05/08","02:54","1.523","-","1.646"
"2023/05/08","03:00","1.531","-","1.663"
"2023/05/08","03:06","1.537","-","1.68"
"2023/05/08","03:12","1.542","-","1.693"
"2023/05/08","03:18","1.547","-","1.703"
"2023/05/08","03:24","1.549","-","1.712"
"2023/05/08","03:30","1.551","-","1.719"
"2023/05/08","03:36","1.552","-","1.728"
"2023/05/08","03:42","1.552","-","1.737"
"2023/05/08","03:48","1.551","-","1.747"
"2023/05/08","03:54","1.55","-","1.752"
"2023/05/08","04:00","1.547","-","1.758"
"2023/05/08","04:06","1.543","-","1.763"
"2023/05/08","04:12","1.539","-","1.767"
"2023/05/08","04:18","1.534","-","1.768"
"2023/05/08","04:24","1.528","-","1.768"
"2023/05/08","04:30","1.52","-","1.768"
"2023/05/08","04:36","1.512","-","1.765"
"2023/05/08","04:42","1.503","-","1.758"
"2023/05/08","04:48","1.493","-","1.751"
"2023/05/08","04:54","1.481","-","1.74"
"2023/05/08","05:00","1.469","-","1.727"
"2023/05/08","05:06","1.455","-","1.712"
"2023/05/08","05:12","1.44","-","1.694"
"2023/05/08","05:18","1.424","-","1.674"
"2023/05/08","05:24","1.407","-","1.651"
"2023/05/08","05:30","1.389","-","1.628"
"2023/05/08","05:36","1.37","-","1.604"
"2023/05/08","05:42","1.35","-","1.578"
"2023/05/08","05:48","1.328","-","1.552"
"2023/05/08","05:54","1.306","-","1.524"
"2023/05/08","06:00","1.283","-","1.495"
"2023/05/08","06:06","1.259","-","1.467"
"2023/05/08","06:12","1.234","-","1.438"
"2023/05/08","06:18","1.209","-","1.409"
"2023/05/08","06:24","1.182","-","1.377"
"2023/05/08","06:30","1.156","-","1.348"
"2023/05/08","06:36","1.128","-","1.319"
"2023/05/08","06:42","1.1","-","1.289"
"2023/05/08","06:48","1.072","-","1.256"
"2023/05/08","06:54","1.044","-","1.225"
"2023/05/08","07:00","1.015","-","1.192"
"2023/05/08","07:06","0.986","-","1.161"
"2023/05/08","07:12","0.957","-","1.129"
"2023/05/08","07:18","0.927","-","1.099"
"2023/05/08","07:24","0.898","-","1.068"
"2023/05/08","07:30","0.868","-","1.039"
"2023/05/08","07:36","0.839","-","1.008"
"2023/05/08","07:42","0.809","-","0.977"
"2023/05/08","07:48","0.78","-","0.947"
"2023/05/08","07:54","0.75","-","0.917"
"2023/05/08","08:00","0.721","-","0.885"
"2023/05/08","08:06","0.692","-","0.853"
"2023/05/08","08:12","0.663","-","0.823"
"2023/05/08","08:18","0.634","-","0.793"
"2023/05/08","08:24","0.606","-","0.763"
"2023/05/08","08:30","0.578","-","0.733"
"2023/05/08","08:36","0.55","-","0.706"
"2023/05/08","08:42","0.522","-","0.676"
"2023/05/08","08:48","0.495","-","0.647"
"2023/05/08","08:54","0.468","-","0.617"
"2023/05/08","09:00","0.442","-","0.589"
"2023/05/08","09:06","0.416","-","0.559"
"2023/05/08","09:12","0.39","-","0.533"
"2023/05/08","09:18","0.365","-","0.504"
"2023/05/08","09:24","0.341","-","0.476"
"2023/05/08","09:30","0.317","-","0.451"
"2023/05/08","09:36","0.294","-","0.423"
"2023/05/08","09:42","0.271","-","0.399"
"2023/05/08","09:48","0.249","-","0.373"
"2023/05/08","09:54","0.229","-","0.349"
"2023/05/08","10:00","0.209","-","0.326"
"2023/05/08","10:06","0.19","-","0.304"
"2023/05/08","10:12","0.172","-","0.28"
"2023/05/08","10:18","0.155","-","0.258"
"2023/05/08","10:24","0.14","-","0.238"
"2023/05/08","10:30","0.126","-","0.219"
"2023/05/08","10:36","0.114","-","0.202"
"2023/05/08","10:42","0.104","-","0.186"
"2023/05/08","10:48","0.096","-","0.171"
"2023/05/08","10:54","0.09","-","0.157"
"2023/05/08","11:00","0.086","-","0.144"
"2023/05/08","11:06","0.084","-","0.133"
"2023/05/08","11:12","0.085","-","0.125"
"2023/05/08","11:18","0.088","-","0.119"
"2023/05/08","11:24","0.094","-","0.116"
"2023/05/08","11:30","0.103","-","0.12"
"2023/05/08","11:36","0.115","-","0.126"
"2023/05/08","11:42","0.129","-","0.138"
"2023/05/08","11:48","0.147","-","0.155"
"2023/05/08","11:54","0.167","-","0.181"
"2023/05/08","12:00","0.19","-","0.212"
"2023/05/08","12:06","0.216","-","0.241"
"2023/05/08","12:12","0.244","-","0.273"
"2023/05/08","12:18","0.275","-","0.31"
"2023/05/08","12:24","0.308","-","0.35"
"2023/05/08","12:30","0.344","-","0.394"
"2023/05/08","12:36","0.381","-","0.442"
"2023/05/08","12:42","0.42","-","0.491"
"2023/05/08","12:48","0.46","-","0.544"
"2023/05/08","12:54","0.501","-","0.596"
"2023/05/08","13:00","0.543","-","0.648"
"2023/05/08","13:06","0.585","-","0.699"
"2023/05/08","13:12","0.628","-","0.746"
"2023/05/08","13:18","0.67","-","0.793"
"2023/05/08","13:24","0.712","-","0.837"
"2023/05/08","13:30","0.753","-","0.88"
"2023/05/08","13:36","0.794","-","0.923"
"2023/05/08","13:42","0.833","-","0.961"
"2023/05/08","13:48","0.87","-","0.996"
"2023/05/08","13:54","0.906","-","1.029"
"2023/05/08","14:00","0.94","-","1.061"
"2023/05/08","14:06","0.972","-","1.089"
"2023/05/08","14:12","1.002","-","1.118"
"2023/05/08","14:18","1.03","-","1.144"
"2023/05/08","14:24","1.056","-","1.165"
"2023/05/08","14:30","1.08","-","1.184"
"2023/05/08","14:36","1.102","-","1.2"
"2023/05/08","14:42","1.121","-","1.216"
"2023/05/08","14:48","1.139","-","1.23"
"2023/05/08","14:54","1.154","-","1.24"
"2023/05/08","15:00","1.168","-","1.251"
"2023/05/08","15:06","1.179","-","1.263"
"2023/05/08","15:12","1.19","-","1.27"
"2023/05/08","15:18","1.198","-","1.281"
"2023/05/08","15:24","1.206","-","1.289"
"2023/05/08","15:30","1.212","-","1.297"
"2023/05/08","15:36","1.217","-","1.304"
"2023/05/08","15:42","1.22","-","1.308"
"2023/05/08","15:48","1.223","-","1.312"
"2023/05/08","15:54","1.225","-","1.318"
"2023/05/08","16:00","1.225","-","1.321"
"2023/05/08","16:06","1.225","-","1.325"
"2023/05/08","16:12","1.225","-","1.327"
"2023/05/08","16:18","1.223","-","1.329"
"2023/05/08","16:24","1.22","-","1.33"
"2023/05/08","16:30","1.217","-","1.33"
"2023/05/08","16:36","1.213","-","1.33"
"2023/05/08","16:42","1.208","-","1.325"
"2023/05/08","16:48","1.201","-","1.323"
"2023/05/08","16:54","1.194","-","1.32"
"2023/05/08","17:00","1.186","-","1.315"
"2023/05/08","17:06","1.177","-","1.306"
"2023/05/08","17:12","1.167","-","1.294"
"2023/05/08","17:18","1.156","-","1.282"
"2023/05/08","17:24","1.144","-","1.268"
"2023/05/08","17:30","1.13","-","1.255"
"2023/05/08","17:36","1.115","-","1.24"
"2023/05/08","17:42","1.1","-","1.223"
"2023/05/08","17:48","1.083","-","1.202"
"2023/05/08","17:54","1.065","-","1.181"
"2023/05/08","18:00","1.045","-","1.158"
"2023/05/08","18:06","1.025","-","1.132"
"2023/05/08","18:12","1.004","-","1.106"
"2023/05/08","18:18","0.982","-","1.074"
"2023/05/08","18:24","0.959","-","1.05"
"2023/05/08","18:30","0.936","-","1.019"
"2023/05/08","18:36","0.911","-","0.99"
"2023/05/08","18:42","0.887","-","0.961"
"2023/05/08","18:48","0.861","-","0.929"
"2023/05/08","18:54","0.835","-","0.9"
"2023/05/08","19:00","0.809","-","0.871"
"2023/05/08","19:06","0.782","-","0.837"
"2023/05/08","19:12","0.755","-","0.804"
"2023/05/08","19:18","0.728","-","0.774"
"2023/05/08","19:24","0.701","-","0.747"
"2023/05/08","19:30","0.674","-","0.716"
"2023/05/08","19:36","0.647","-","0.69"
"2023/05/08","19:42","0.62","-","0.659"
"2023/05/08","19:48","0.594","-","0.629"
"2023/05/08","19:54","0.567","-","0.605"
"2023/05/08","20:00","0.541","-","0.577"
"2023/05/08","20:06","0.516","-","0.548"
"2023/05/08","20:12","0.49","-","0.524"
"2023/05/08","20:18","0.466","-","0.495"
"2023/05/08","20:24","0.441","-","0.468"
"2023/05/08","20:30","0.418","-","0.447"
"2023/05/08","20:36","0.395","-","0.417"
"2023/05/08","20:42","0.372","-","0.392"
"2023/05/08","20:48","0.35","-","0.371"
"2023/05/08","20:54","0.329","-","0.348"
"2023/05/08","21:00","0.309","-","0.32"
"2023/05/08","21:06","0.289","-","0.297"
"2023/05/08","21:12","0.27","-","0.276"
"2023/05/08","21:18","0.252","-","0.247"
"2023/05/08","21:24","0.234","-","0.226"
"2023/05/08","21:30","0.218","-","0.205"
"2023/05/08","21:36","0.202","-","0.185"
"2023/05/08","21:42","0.187","-","0.163"
"2023/05/08","21:48","0.173","-","0.143"
"2023/05/08","21:54","0.16","-","0.127"
"2023/05/08","22:00","0.148","-","0.106"
"2023/05/08","22:06","0.137","-","0.085"
"2023/05/08","22:12","0.127","-","0.071"
"2023/05/08","22:18","0.118","-","0.054"
"2023/05/08","22:24","0.11","-","0.041"
"2023/05/08","22:30","0.104","-","0.025"
"2023/05/08","22:36","0.099","-","0.015"
"2023/05/08","22:42","0.095","-","0.006"
"2023/05/08","22:48","0.092","-","0.001"
"2023/05/08","22:54","0.091","-","-0.001"
"2023/05/08","23:00","0.092","-","0.004"
"2023/05/08","23:06","0.095","-","0.014"
"2023/05/08","23:12","0.099","-","0.023"
"2023/05/08","23:18","0.106","-","0.043"
"2023/05/08","23:24","0.114","-","0.063"
"2023/05/08","23:30","0.125","-","0.084"
"2023/05/08","23:36","0.139","-","0.11"
"2023/05/08","23:42","0.154","-","0.139"
"2023/05/08","23:48","0.172","-","0.173"
"2023/05/08","23:54","0.193","-","0.21"